cost,event_id,home,opponent,player_id,player_name,position_id,round,season,team,dgw,alt_player_id,unique_round,dataset
4.0,1040192,0,POR,423559.0,Tate Schmitt,4.0,26,2019,RSL,0,423559,94.0,live
6.4,1040192,0,POR,77994.0,Marcelo Silva,2.0,26,2019,RSL,0,77994,94.0,live
11.2,1040192,0,POR,196666.0,Jefferson Savarino,3.0,26,2019,RSL,0,196666,94.0,live
7.4,1040192,0,POR,96201.0,Donny Toia,2.0,26,2019,RSL,0,96201,94.0,live
4.0,1040192,0,POR,427221.0,Julian Vazquez,4.0,26,2019,RSL,0,427221,94.0,live
7.3,1040187,0,LAFC,60244.0,Osvaldo Alonso,3.0,26,2019,MIN,0,60244,94.0,live
8.1,1040187,0,LAFC,95330.0,Michael Boxall,2.0,26,2019,MIN,0,95330,94.0,live
7.1,1040187,0,LAFC,445140.0,Thomas Chacon,3.0,26,2019,MIN,0,445140,94.0,live
10.1,1040187,0,LAFC,81185.0,Jan Gregus,3.0,26,2019,MIN,0,81185,94.0,live
6.1,1040187,0,LAFC,474163.0,Hassani Dotson,2.0,26,2019,MIN,0,474163,94.0,live
7.4,1040187,0,LAFC,110583.0,Ethan Finlay,3.0,26,2019,MIN,0,110583,94.0,live
6.3,1040187,0,LAFC,198923.0,Chase Gasper,2.0,26,2019,MIN,0,198923,94.0,live
4.9,1040187,0,LAFC,110596.0,Miguel Ibarra,3.0,26,2019,MIN,0,110596,94.0,live
7.0,1040187,0,LAFC,153089.0,Romario Ibarra,4.0,26,2019,MIN,0,153089,94.0,live
4.6,1040187,0,LAFC,186250.0,Brent Kallman,2.0,26,2019,MIN,0,186250,94.0,live
5.9,1040187,0,LAFC,108839.0,Robin Lod,3.0,26,2019,MIN,0,108839,94.0,live
4.6,1040192,0,POR,194187.0,Sebastian Saucedo,3.0,26,2019,RSL,0,194187,94.0,live
4.0,1040187,0,LAFC,442461.0,Carter Manley,2.0,26,2019,MIN,0,442461,94.0,live
5.5,1040187,0,LAFC,131841.0,Collin Martin,3.0,26,2019,MIN,0,131841,94.0,live
7.8,1040187,0,LAFC,20487.0,Vito Mannone,1.0,26,2019,MIN,0,20487,94.0,live
4.6,1040187,0,LAFC,202195.0,Abu Danladi,4.0,26,2019,MIN,0,202195,94.0,live
10.7,1040192,0,POR,84481.0,Albert Rusnak,3.0,26,2019,RSL,0,84481,94.0,live
7.8,1040192,0,POR,68431.0,Damir Kreilach,3.0,26,2019,RSL,0,68431,94.0,live
6.0,1040192,0,POR,110619.0,Kelyn Rowe,3.0,26,2019,RSL,0,110619,94.0,live
4.0,1040192,0,POR,223355.0,Luis Arriaga,3.0,26,2019,RSL,0,223355,94.0,live
5.3,1040192,0,POR,197422.0,Corey Baird,4.0,26,2019,RSL,0,197422,94.0,live
8.3,1040187,0,LAFC,85595.0,Romain Metanire,2.0,26,2019,MIN,0,85595,94.0,live
7.0,1040192,0,POR,15517.0,Kyle Beckerman,3.0,26,2019,RSL,0,15517,94.0,live
4.5,1040192,0,POR,50136.0,Tony Beltran,2.0,26,2019,RSL,0,50136,94.0,live
4.5,1040192,0,POR,202198.0,Nick Besler,3.0,26,2019,RSL,0,202198,94.0,live
6.4,1040192,0,POR,120608.0,Everton Luiz,3.0,26,2019,RSL,0,120608,94.0,live
9.2,1040192,0,POR,183390.0,Justen Glad,2.0,26,2019,RSL,0,183390,94.0,live
4.5,1040192,0,POR,103903.0,Adam Henley,2.0,26,2019,RSL,0,103903,94.0,live
7.4,1040192,0,POR,248022.0,Aaron Herrera,2.0,26,2019,RSL,0,248022,94.0,live
4.5,1040192,0,POR,244897.0,Erik Holt,2.0,26,2019,RSL,0,244897,94.0,live
4.0,1040192,0,POR,88460.0,Alex Horwath,1.0,26,2019,RSL,0,88460,94.0,live
7.2,1040192,0,POR,198270.0,Sam Johnson,4.0,26,2019,RSL,0,198270,94.0,live
4.8,1040192,0,POR,178386.0,Brooks Lennon,2.0,26,2019,RSL,0,178386,94.0,live
5.5,1040192,0,POR,153453.0,Luke Mulholland,3.0,26,2019,RSL,0,153453,94.0,live
4.0,1040192,0,POR,250679.0,David Ochoa,1.0,26,2019,RSL,0,250679,94.0,live
7.5,1040192,0,POR,19053.0,Nedum Onuoha,2.0,26,2019,RSL,0,19053,94.0,live
5.4,1040192,0,POR,95278.0,Joao Plata,3.0,26,2019,RSL,0,95278,94.0,live
4.3,1040192,0,POR,177984.0,Justin Portillo,3.0,26,2019,RSL,0,177984,94.0,live
4.5,1040192,0,POR,234586.0,Andrew Putna,1.0,26,2019,RSL,0,234586,94.0,live
8.5,1040192,0,POR,15310.0,Nick Rimando,1.0,26,2019,RSL,0,15310,94.0,live
5.0,1040192,0,POR,218539.0,Pablo Ruiz,3.0,26,2019,RSL,0,218539,94.0,live
5.5,1040187,0,LAFC,49381.0,Wilfried Moimbe,2.0,26,2019,MIN,0,49381,94.0,live
11.6,1040194,0,VAN,55831.0,Maximiliano Moralez,3.0,26,2019,NYC,0,55831,94.0,live
4.1,1040187,0,LAFC,106519.0,Lawrence Olum,3.0,26,2019,MIN,0,106519,94.0,live
5.4,1040194,0,VAN,244299.0,Keaton Parks,3.0,26,2019,NYC,0,244299,94.0,live
8.6,1040194,0,VAN,88909.0,Alexander Ring,3.0,26,2019,NYC,0,88909,94.0,live
4.3,1040194,0,VAN,212020.0,Tony Rocha,2.0,26,2019,NYC,0,212020,94.0,live
5.1,1040194,0,VAN,215471.0,James Sands,2.0,26,2019,NYC,0,215471,94.0,live
4.0,1040194,0,VAN,427426.0,Joe Scally,2.0,26,2019,NYC,0,427426,94.0,live
4.9,1040194,0,VAN,151939.0,Brad Stuver,1.0,26,2019,NYC,0,151939,94.0,live
4.0,1040194,0,VAN,163529.0,Ben Sweat,2.0,26,2019,NYC,0,163529,94.0,live
7.2,1040194,0,VAN,153390.0,Ismael Tajouri-Shradi,3.0,26,2019,NYC,0,153390,94.0,live
8.5,1040194,0,VAN,66284.0,Anton Tinnerholm,2.0,26,2019,NYC,0,66284,94.0,live
4.3,1040194,0,VAN,424432.0,Juan Torres,3.0,26,2019,NYC,0,424432,94.0,live
4.0,1040192,1,RSL,149675.0,Dairon Asprilla,3.0,26,2019,POR,0,149675,94.0,live
5.4,1040192,1,RSL,94305.0,Jeff Attinella,1.0,26,2019,POR,0,94305,94.0,live
10.2,1040192,1,RSL,55820.0,Sebastian Blanco,3.0,26,2019,POR,0,55820,94.0,live
6.0,1040192,1,RSL,181958.0,Julio Cascante,2.0,26,2019,POR,0,181958,94.0,live
8.2,1040192,1,RSL,96622.0,Diego Chara,3.0,26,2019,POR,0,96622,94.0,live
6.9,1040192,1,RSL,111806.0,Steve Clark,1.0,26,2019,POR,0,111806,94.0,live
5.5,1040192,1,RSL,218552.0,Tomas Conechny,3.0,26,2019,POR,0,218552,94.0,live
5.7,1040192,1,RSL,45269.0,Claude Dielna,2.0,26,2019,POR,0,45269,94.0,live
5.6,1040192,1,RSL,235290.0,Jeremy Ebobisse,4.0,26,2019,POR,0,235290,94.0,live
5.0,1040192,0,POR,177980.0,Jordan Allen,3.0,26,2019,RSL,0,177980,94.0,live
4.5,1040192,1,RSL,242130.0,Marco Farfan,2.0,26,2019,POR,0,242130,94.0,live
5.5,1040194,0,VAN,164489.0,Ebenezer Ofori,3.0,26,2019,NYC,0,164489,94.0,live
8.1,1040187,0,LAFC,77952.0,Kevin Molino,3.0,26,2019,MIN,0,77952,94.0,live
4.0,1040194,0,VAN,234177.0,Abdi Mohamed,2.0,26,2019,NYC,0,234177,94.0,live
4.0,1040194,0,VAN,164480.0,Eric Miller,2.0,26,2019,NYC,0,164480,94.0,live
4.0,1040187,0,LAFC,442451.0,Wyatt Omsberg,2.0,26,2019,MIN,0,442451,94.0,live
9.1,1040187,0,LAFC,78023.0,Ike Opara,2.0,26,2019,MIN,0,78023,94.0,live
8.6,1040187,0,LAFC,59403.0,Carlos Darwin Quintero,4.0,26,2019,MIN,0,59403,94.0,live
5.9,1040187,0,LAFC,149694.0,Angelo Rodriguez,4.0,26,2019,MIN,0,149694,94.0,live
6.1,1040187,0,LAFC,63954.0,Rasmus Schuller,3.0,26,2019,MIN,0,63954,94.0,live
4.5,1040187,0,LAFC,77521.0,Bobby Shuttleworth,1.0,26,2019,MIN,0,77521,94.0,live
4.0,1040187,0,LAFC,234433.0,Dayne St. Clair,1.0,26,2019,MIN,0,234433,94.0,live
5.1,1040187,0,LAFC,249164.0,Mason Toye,4.0,26,2019,MIN,0,249164,94.0,live
10.5,1040194,0,VAN,100819.0,Heber Araujo dos Santos,4.0,26,2019,NYC,0,100819,94.0,live
4.0,1040194,0,VAN,234311.0,Luis Barraza,1.0,26,2019,NYC,0,234311,94.0,live
4.3,1040194,0,VAN,213700.0,Daniel Bedoya,3.0,26,2019,NYC,0,213700,94.0,live
4.0,1040194,0,VAN,209818.0,Jeff Caldwell,1.0,26,2019,NYC,0,209818,94.0,live
6.5,1040194,0,VAN,159710.0,Alexander Callens,2.0,26,2019,NYC,0,159710,94.0,live
8.0,1040194,0,VAN,247670.0,Valentin Castellanos,4.0,26,2019,NYC,0,247670,94.0,live
6.4,1040194,0,VAN,57876.0,Maxime Chanot,2.0,26,2019,NYC,0,57876,94.0,live
4.0,1040194,0,VAN,427396.0,Justin Haak,3.0,26,2019,NYC,0,427396,94.0,live
4.0,1040194,0,VAN,131371.0,Sebastien Ibeagha,2.0,26,2019,NYC,0,131371,94.0,live
6.5,1040194,0,VAN,78013.0,Sean Johnson,1.0,26,2019,NYC,0,78013,94.0,live
5.3,1040194,0,VAN,43194.0,Gary Mackay-Steven,3.0,26,2019,NYC,0,43194,94.0,live
5.7,1040194,0,VAN,180593.0,Ronald Matarrita,2.0,26,2019,NYC,0,180593,94.0,live
5.9,1040194,0,VAN,167227.0,Jesus Medina,3.0,26,2019,NYC,0,167227,94.0,live
7.6,1040194,0,VAN,120621.0,Alexandru Mitrita,4.0,26,2019,NYC,0,120621,94.0,live
4.3,1040195,0,SEA,243943.0,Ethan Zubak,4.0,26,2019,LA,0,243943,94.0,live
8.8,1040189,0,NE,37368.0,Michael Bradley,3.0,26,2019,TOR,0,37368,94.0,live
5.0,1040195,0,SEA,82521.0,Juninho Vitor Junior,3.0,26,2019,LA,0,82521,94.0,live
13.2,1040189,1,TOR,88554.0,Carles Gil,3.0,26,2019,NE,0,88554,94.0,live
5.0,1040189,1,TOR,209256.0,Zachary Herivaux,3.0,26,2019,NE,0,209256,94.0,live
5.3,1040189,1,TOR,234675.0,DeJuan Jones,2.0,26,2019,NE,0,234675,94.0,live
4.6,1040189,1,TOR,41556.0,Brad Knighton,1.0,26,2019,NE,0,41556,94.0,live
6.0,1040189,1,TOR,28565.0,Michael Mancienne,2.0,26,2019,NE,0,28565,94.0,live
8.0,1040189,1,TOR,153082.0,Cristian Penilla,3.0,26,2019,NE,0,153082,94.0,live
4.9,1040189,1,TOR,220150.0,Justin Rennicks,4.0,26,2019,NE,0,220150,94.0,live
4.5,1040189,1,TOR,114236.0,Gabriel Somi,2.0,26,2019,NE,0,114236,94.0,live
6.6,1040189,1,TOR,224068.0,Matt Turner,1.0,26,2019,NE,0,224068,94.0,live
5.0,1040189,1,TOR,180233.0,Brian Wright,4.0,26,2019,NE,0,180233,94.0,live
4.5,1040189,1,TOR,105713.0,Wilfried Zahibo,3.0,26,2019,NE,0,105713,94.0,live
4.3,1040189,0,NE,215474.0,Ayo Akinola,4.0,26,2019,TOR,0,215474,94.0,live
10.2,1040189,0,NE,41574.0,Jozy Altidore,4.0,26,2019,TOR,0,41574,94.0,live
5.0,1040189,0,NE,226311.0,Jon Bakero,3.0,26,2019,TOR,0,226311,94.0,live
7.2,1040189,0,NE,89038.0,Nicolas Benezet,3.0,26,2019,TOR,0,89038,94.0,live
5.0,1040189,0,NE,163484.0,Alex Bono,1.0,26,2019,TOR,0,163484,94.0,live
5.1,1040189,0,NE,107941.0,Terrence Boyd,4.0,26,2019,TOR,0,107941,94.0,live
4.8,1040189,0,NE,112998.0,Jay Chapman,3.0,26,2019,TOR,0,112998,94.0,live
5.5,1040189,0,NE,42584.0,Laurent Ciman,2.0,26,2019,TOR,0,42584,94.0,live
7.4,1040189,0,NE,172981.0,Auro,2.0,26,2019,TOR,0,172981,94.0,live
4.0,1040189,0,NE,244377.0,Aidan Daniels,3.0,26,2019,TOR,0,244377,94.0,live
4.0,1040189,1,TOR,224546.0,Nicolas Firmino,3.0,26,2019,NE,0,224546,94.0,live
5.8,1040189,0,NE,110580.0,Nick DeLeon,3.0,26,2019,TOR,0,110580,94.0,live
6.0,1040189,1,TOR,151940.0,Andrew Farrell,2.0,26,2019,NE,0,151940,94.0,live
7.4,1040189,1,TOR,67704.0,Antonio Delamea,2.0,26,2019,NE,0,67704,94.0,live
10.2,1040192,1,RSL,170847.0,Brian Fernandez,4.0,26,2019,POR,0,170847,94.0,live
7.1,1040193,1,ORL,55111.0,Andres Rios,4.0,26,2019,SJ,0,55111,94.0,live
4.9,1040193,1,ORL,50081.0,Shea Salinas,3.0,26,2019,SJ,0,50081,94.0,live
6.0,1040193,1,ORL,176907.0,Judson Silva Tavares,3.0,26,2019,SJ,0,176907,94.0,live
4.5,1040193,1,ORL,221400.0,Andrew Tarbell,1.0,26,2019,SJ,0,221400,94.0,live
7.5,1040193,1,ORL,178211.0,Tommy Thompson,2.0,26,2019,SJ,0,178211,94.0,live
5.1,1040193,1,ORL,55024.0,Daniel Vega,1.0,26,2019,SJ,0,55024,94.0,live
7.4,1040193,1,ORL,41647.0,Chris Wondolowski,4.0,26,2019,SJ,0,41647,94.0,live
7.6,1040193,1,ORL,245628.0,Jackson Yueill,3.0,26,2019,SJ,0,245628,94.0,live
6.2,1040189,1,TOR,83905.0,Juan Agudelo,3.0,26,2019,NE,0,83905,94.0,live
5.0,1040189,1,TOR,223234.0,Isaac Angking,3.0,26,2019,NE,0,223234,94.0,live
5.1,1040189,1,TOR,95228.0,Jalil Anibaba,2.0,26,2019,NE,0,95228,94.0,live
10.9,1040189,1,TOR,55110.0,Gustavo Bou,4.0,26,2019,NE,0,55110,94.0,live
4.5,1040189,1,TOR,424622.0,Tajon Buchanan,3.0,26,2019,NE,0,424622,94.0,live
6.4,1040189,1,TOR,82524.0,Teal Bunbury,4.0,26,2019,NE,0,82524,94.0,live
6.5,1040189,1,TOR,442431.0,Brandon Bye,2.0,26,2019,NE,0,442431,94.0,live
6.3,1040189,1,TOR,150276.0,Juan Caicedo,4.0,26,2019,NE,0,150276,94.0,live
6.1,1040189,1,TOR,219527.0,Luis Alberto Caicedo,3.0,26,2019,NE,0,219527,94.0,live
4.0,1040189,1,TOR,151955.0,Scott Caldwell,3.0,26,2019,NE,0,151955,94.0,live
7.5,1040189,1,TOR,53477.0,Edgar Castillo,2.0,26,2019,NE,0,53477,94.0,live
4.5,1040189,1,TOR,101135.0,Cody Cropper,1.0,26,2019,NE,0,101135,94.0,live
6.0,1040189,1,TOR,95284.0,Diego Fagundez,3.0,26,2019,NE,0,95284,94.0,live
4.0,1040195,0,SEA,234585.0,Justin Vom Steeg,1.0,26,2019,LA,0,234585,94.0,live
7.9,1040189,0,NE,114579.0,Marky Delgado,3.0,26,2019,TOR,0,114579,94.0,live
4.0,1040189,0,NE,421818.0,Julian Dunn,2.0,26,2019,TOR,0,421818,94.0,live
7.6,1040195,0,SEA,94932.0,David Bingham,1.0,26,2019,LA,0,94932,94.0,live
4.0,1040195,0,SEA,95259.0,Servando Carrasco,3.0,26,2019,LA,0,95259,94.0,live
7.2,1040195,0,SEA,102407.0,Joe Corona,3.0,26,2019,LA,0,102407,94.0,live
4.3,1040195,0,SEA,474153.0,Emil Cuello,3.0,26,2019,LA,0,474153,94.0,live
8.5,1040195,0,SEA,40275.0,Giovani dos Santos,3.0,26,2019,LA,0,40275,94.0,live
9.1,1040195,0,SEA,76688.0,Jonathan dos Santos,3.0,26,2019,LA,0,76688,94.0,live
4.9,1040195,0,SEA,44871.0,Rolf Feltscher,2.0,26,2019,LA,0,44871,94.0,live
5.2,1040195,0,SEA,105021.0,Giancarlo Gonzalez,2.0,26,2019,LA,0,105021,94.0,live
4.5,1040195,0,SEA,197421.0,Tomas Hilliard-Arce,2.0,26,2019,LA,0,197421,94.0,live
11.8,1040195,0,SEA,9808.0,Zlatan Ibrahimovic,4.0,26,2019,LA,0,9808,94.0,live
5.0,1040195,0,SEA,177978.0,Bradford Jamieson IV,3.0,26,2019,LA,0,177978,94.0,live
6.1,1040195,0,SEA,95277.0,Perry Kitchen,3.0,26,2019,LA,0,95277,94.0,live
4.5,1040195,0,SEA,110118.0,Matt Lampson,1.0,26,2019,LA,0,110118,94.0,live
5.8,1040195,0,SEA,88534.0,Sebastian Lletget,3.0,26,2019,LA,0,88534,94.0,live
10.0,1040195,0,SEA,173220.0,Cristian Pavon,3.0,26,2019,LA,0,173220,94.0,live
7.1,1040195,0,SEA,50768.0,Diego Polenta,2.0,26,2019,LA,0,50768,94.0,live
5.2,1040195,0,SEA,60152.0,Chris Pontius,3.0,26,2019,LA,0,60152,94.0,live
4.1,1040195,0,SEA,213213.0,Dave Romney,2.0,26,2019,LA,0,213213,94.0,live
4.9,1040195,0,SEA,63800.0,Jorgen Skjelvik,2.0,26,2019,LA,0,63800,94.0,live
5.2,1040195,0,SEA,111473.0,Daniel Steres,2.0,26,2019,LA,0,111473,94.0,live
4.5,1040195,0,SEA,433843.0,Diedie Traore,2.0,26,2019,LA,0,433843,94.0,live
4.5,1040195,0,SEA,176416.0,Hugo Arellano,2.0,26,2019,LA,0,176416,94.0,live
4.3,1040189,0,NE,424474.0,Griffin Dorsey,3.0,26,2019,TOR,0,424474,94.0,live
4.5,1040195,0,SEA,436893.0,Julian Araujo,2.0,26,2019,LA,0,436893,94.0,live
7.5,1040195,0,SEA,169881.0,Favio Alvarez,3.0,26,2019,LA,0,169881,94.0,live
4.9,1040189,0,NE,135300.0,Tsubasa Endoh,3.0,26,2019,TOR,0,135300,94.0,live
6.1,1040189,0,NE,225061.0,Liam Fraser,3.0,26,2019,TOR,0,225061,94.0,live
6.8,1040189,0,NE,204556.0,Erickson Gallardo,3.0,26,2019,TOR,0,204556,94.0,live
7.1,1040189,0,NE,60218.0,Omar Gonzalez,2.0,26,2019,TOR,0,60218,94.0,live
4.3,1040189,0,NE,221403.0,Richie Laryea,2.0,26,2019,TOR,0,221403,94.0,live
5.0,1040189,0,NE,68259.0,Chris Mavinga,2.0,26,2019,TOR,0,68259,94.0,live
4.9,1040189,0,NE,41627.0,Drew Moor,2.0,26,2019,TOR,0,41627,94.0,live
5.0,1040189,0,NE,95630.0,Ashtone Morgan,2.0,26,2019,TOR,0,95630,94.0,live
4.8,1040189,0,NE,83065.0,Justin Morrow,2.0,26,2019,TOR,0,83065,94.0,live
4.2,1040189,0,NE,116661.0,Patrick Mullins,4.0,26,2019,TOR,0,116661,94.0,live
4.0,1040189,0,NE,421819.0,Noble Okello,3.0,26,2019,TOR,0,421819,94.0,live
7.4,1040189,0,NE,153647.0,Jonathan Osorio,3.0,26,2019,TOR,0,153647,94.0,live
4.5,1040189,0,NE,50051.0,Caleb Patterson-Sewell,1.0,26,2019,TOR,0,50051,94.0,live
10.1,1040189,0,NE,89238.0,Alejandro Pozuelo,3.0,26,2019,TOR,0,89238,94.0,live
4.0,1040189,0,NE,477838.0,Jacob Shaffelburg,3.0,26,2019,TOR,0,477838,94.0,live
4.5,1040189,0,NE,250972.0,Ryan Telfer,2.0,26,2019,TOR,0,250972,94.0,live
4.5,1040189,0,NE,40798.0,Gregory van der Wiel,2.0,26,2019,TOR,0,40798,94.0,live
6.4,1040189,0,NE,37975.0,Quentin Westberg,1.0,26,2019,TOR,0,37975,94.0,live
4.7,1040189,0,NE,151949.0,Eriq Zavaleta,2.0,26,2019,TOR,0,151949,94.0,live
9.5,1040195,0,SEA,86140.0,Romain Alessandrini,3.0,26,2019,LA,0,86140,94.0,live
4.0,1040195,0,SEA,224430.0,Efrain Alvarez,3.0,26,2019,LA,0,224430,94.0,live
4.8,1040195,0,SEA,234964.0,Uriel Antuna,3.0,26,2019,LA,0,234964,94.0,live
5.0,1040192,1,RSL,98925.0,Andres Flores,3.0,26,2019,POR,0,98925,94.0,live
4.5,1040183,1,VAN,13356.0,Rod Fanni,2.0,26,2019,MTL,1,13356,94.0,live
4.0,1040192,1,RSL,204843.0,Modou Jadama,2.0,26,2019,POR,0,204843,94.0,live
4.6,1040183,1,VAN,62535.0,Jukka Raitala,2.0,26,2019,MTL,1,62535,94.0,live
5.4,1040183,1,VAN,37748.0,Bacary Sagna,2.0,26,2019,MTL,1,37748,94.0,live
4.5,1040183,1,VAN,234410.0,Amar Sejdic,3.0,26,2019,MTL,1,234410,94.0,live
4.2,1040183,1,VAN,225062.0,Shamit Shome,3.0,26,2019,MTL,1,225062,94.0,live
6.2,1040183,1,VAN,225063.0,Ballou Tabla,3.0,26,2019,MTL,1,225063,94.0,live
11.6,1040183,1,VAN,82752.0,Saphir Taider,3.0,26,2019,MTL,1,82752,94.0,live
6.2,1040183,1,VAN,97607.0,Maximiliano Urruti,4.0,26,2019,MTL,1,97607,94.0,live
7.0,1040183,1,VAN,201053.0,Jeisson Vargas,4.0,26,2019,MTL,1,201053,94.0,live
4.0,1040183,1,VAN,427386.0,Karifa Yao,2.0,26,2019,MTL,1,427386,94.0,live
4.0,1040188,1,DC,425622.0,Clement Bayiha,3.0,26,2019,MTL,1,425622,94.0,live
4.0,1040188,1,DC,443433.0,Jason Beaulieu,1.0,26,2019,MTL,1,443433,94.0,live
5.4,1040188,1,DC,248398.0,Zachary Brault-Guillard,2.0,26,2019,MTL,1,248398,94.0,live
4.5,1040188,1,DC,248938.0,Zachary Brault-Guillard,2.0,26,2019,MTL,1,248938,94.0,live
5.5,1040188,1,DC,449235.0,Omar Browne,3.0,26,2019,MTL,1,449235,94.0,live
5.0,1040188,1,DC,109275.0,Evan Bush,1.0,26,2019,MTL,1,109275,94.0,live
5.1,1040188,1,DC,179846.0,Victor Cabrera,2.0,26,2019,MTL,1,179846,94.0,live
5.5,1040188,1,DC,89080.0,Rudy Camacho,2.0,26,2019,MTL,1,89080,94.0,live
4.5,1040188,1,DC,425625.0,Mathieu Choiniere,3.0,26,2019,MTL,1,425625,94.0,live
4.1,1040188,1,DC,117330.0,Jorge Corrales,2.0,26,2019,MTL,1,117330,94.0,live
7.7,1040188,1,DC,85682.0,Zakaria Diallo,2.0,26,2019,MTL,1,85682,94.0,live
4.5,1040188,1,DC,102626.0,Clement Diop,1.0,26,2019,MTL,1,102626,94.0,live
6.6,1040183,1,VAN,182906.0,Samuel Piette,3.0,26,2019,MTL,1,182906,94.0,live
4.5,1040188,1,DC,13356.0,Rod Fanni,2.0,26,2019,MTL,1,13356,94.0,live
9.2,1040183,1,VAN,37996.0,Ignacio Piatti,3.0,26,2019,MTL,1,37996,94.0,live
7.1,1040183,1,VAN,218350.0,Orji Okwonkwo,4.0,26,2019,MTL,1,218350,94.0,live
4.0,1040183,1,VAN,425622.0,Clement Bayiha,3.0,26,2019,MTL,1,425622,94.0,live
4.0,1040183,1,VAN,443433.0,Jason Beaulieu,1.0,26,2019,MTL,1,443433,94.0,live
5.4,1040183,1,VAN,248398.0,Zachary Brault-Guillard,2.0,26,2019,MTL,1,248398,94.0,live
4.5,1040183,1,VAN,248938.0,Zachary Brault-Guillard,2.0,26,2019,MTL,1,248938,94.0,live
5.5,1040183,1,VAN,449235.0,Omar Browne,3.0,26,2019,MTL,1,449235,94.0,live
5.0,1040183,1,VAN,109275.0,Evan Bush,1.0,26,2019,MTL,1,109275,94.0,live
5.1,1040183,1,VAN,179846.0,Victor Cabrera,2.0,26,2019,MTL,1,179846,94.0,live
5.5,1040183,1,VAN,89080.0,Rudy Camacho,2.0,26,2019,MTL,1,89080,94.0,live
4.5,1040183,1,VAN,425625.0,Mathieu Choiniere,3.0,26,2019,MTL,1,425625,94.0,live
4.1,1040183,1,VAN,117330.0,Jorge Corrales,2.0,26,2019,MTL,1,117330,94.0,live
7.7,1040183,1,VAN,85682.0,Zakaria Diallo,2.0,26,2019,MTL,1,85682,94.0,live
4.5,1040183,1,VAN,102626.0,Clement Diop,1.0,26,2019,MTL,1,102626,94.0,live
4.5,1040193,1,ORL,186679.0,Joel Qwiberg,2.0,26,2019,SJ,0,186679,94.0,live
5.0,1040183,1,VAN,184610.0,Anthony Jackson-Hamel,4.0,26,2019,MTL,1,184610,94.0,live
4.0,1040183,1,VAN,425640.0,Daniel Kinumbe,2.0,26,2019,MTL,1,425640,94.0,live
7.3,1040183,1,VAN,40276.0,Bojan Krkic,3.0,26,2019,MTL,1,40276,94.0,live
4.0,1040183,1,VAN,234764.0,Ken Krolicki,3.0,26,2019,MTL,1,234764,94.0,live
8.4,1040183,1,VAN,193194.0,Lassi Lappalainen,3.0,26,2019,MTL,1,193194,94.0,live
4.3,1040183,1,VAN,177928.0,Daniel Lovitz,2.0,26,2019,MTL,1,177928,94.0,live
4.0,1040183,1,VAN,225054.0,Thomas Meilleur-Giguere,2.0,26,2019,MTL,1,225054,94.0,live
6.3,1040183,1,VAN,86879.0,Harry Novillo,4.0,26,2019,MTL,1,86879,94.0,live
4.0,1040183,1,VAN,225053.0,James Pantemis,1.0,26,2019,MTL,1,225053,94.0,live
7.5,1040186,1,HOU,60210.0,Graham Zusi,2.0,26,2019,SKC,0,60210,94.0,live
5.0,1040188,1,DC,184610.0,Anthony Jackson-Hamel,4.0,26,2019,MTL,1,184610,94.0,live
7.3,1040188,1,DC,40276.0,Bojan Krkic,3.0,26,2019,MTL,1,40276,94.0,live
4.9,1040186,0,SKC,131840.0,Chris Duvall,2.0,26,2019,HOU,0,131840,94.0,live
8.6,1040186,0,SKC,173145.0,Alberth Elis,4.0,26,2019,HOU,0,173145,94.0,live
5.0,1040186,0,SKC,34285.0,Maynor Figueroa,2.0,26,2019,HOU,0,34285,94.0,live
5.6,1040186,0,SKC,196287.0,Alejandro Fuenmayor,2.0,26,2019,HOU,0,196287,94.0,live
5.7,1040186,0,SKC,55209.0,Boniek Garcia,3.0,26,2019,HOU,0,55209,94.0,live
4.0,1040186,0,SKC,111536.0,Kevin Garcia,2.0,26,2019,HOU,0,111536,94.0,live
4.5,1040186,0,SKC,177954.0,Marlon Hairston,3.0,26,2019,HOU,0,177954,94.0,live
4.5,1040186,0,SKC,244998.0,Niko Hansen,3.0,26,2019,HOU,0,244998,94.0,live
4.0,1040186,0,SKC,423492.0,Sam Junqua,2.0,26,2019,HOU,0,423492,94.0,live
5.7,1040186,0,SKC,170945.0,Adam Lundkvist,2.0,26,2019,HOU,0,170945,94.0,live
9.1,1040186,0,SKC,177658.0,Mauro Manotas,4.0,26,2019,HOU,0,177658,94.0,live
6.9,1040186,0,SKC,153399.0,Tomas Martinez,3.0,26,2019,HOU,0,153399,94.0,live
4.0,1040186,0,SKC,427839.0,Erik McCue,2.0,26,2019,HOU,0,427839,94.0,live
5.9,1040186,0,SKC,177930.0,Thomas McNamara,3.0,26,2019,HOU,0,177930,94.0,live
4.0,1040186,0,SKC,442466.0,Michael Nelson,1.0,26,2019,HOU,0,442466,94.0,live
4.0,1040186,0,SKC,178799.0,Ronaldo Pena,4.0,26,2019,HOU,0,178799,94.0,live
6.8,1040186,0,SKC,119575.0,Romell Quioto,4.0,26,2019,HOU,0,119575,94.0,live
7.5,1040186,0,SKC,163397.0,Christian Ramirez,4.0,26,2019,HOU,0,163397,94.0,live
6.7,1040186,0,SKC,198884.0,Memo Rodriguez,3.0,26,2019,HOU,0,198884,94.0,live
4.0,1040186,0,SKC,165096.0,Michael Salazar,4.0,26,2019,HOU,0,165096,94.0,live
5.2,1040186,0,SKC,67502.0,Aljaz Struna,2.0,26,2019,HOU,0,67502,94.0,live
5.2,1040186,0,SKC,83274.0,Tyler Deric,1.0,26,2019,HOU,0,83274,94.0,live
4.0,1040188,1,DC,425640.0,Daniel Kinumbe,2.0,26,2019,MTL,1,425640,94.0,live
4.0,1040186,0,SKC,60214.0,A.J. DeLaGarza,2.0,26,2019,HOU,0,60214,94.0,live
5.5,1040186,0,SKC,149669.0,Juan David Cabezas,3.0,26,2019,HOU,0,149669,94.0,live
4.0,1040188,1,DC,234764.0,Ken Krolicki,3.0,26,2019,MTL,1,234764,94.0,live
8.4,1040188,1,DC,193194.0,Lassi Lappalainen,3.0,26,2019,MTL,1,193194,94.0,live
4.3,1040188,1,DC,177928.0,Daniel Lovitz,2.0,26,2019,MTL,1,177928,94.0,live
4.0,1040188,1,DC,225054.0,Thomas Meilleur-Giguere,2.0,26,2019,MTL,1,225054,94.0,live
6.3,1040188,1,DC,86879.0,Harry Novillo,4.0,26,2019,MTL,1,86879,94.0,live
7.1,1040188,1,DC,218350.0,Orji Okwonkwo,4.0,26,2019,MTL,1,218350,94.0,live
4.0,1040188,1,DC,225053.0,James Pantemis,1.0,26,2019,MTL,1,225053,94.0,live
9.2,1040188,1,DC,37996.0,Ignacio Piatti,3.0,26,2019,MTL,1,37996,94.0,live
6.6,1040188,1,DC,182906.0,Samuel Piette,3.0,26,2019,MTL,1,182906,94.0,live
4.6,1040188,1,DC,62535.0,Jukka Raitala,2.0,26,2019,MTL,1,62535,94.0,live
5.4,1040188,1,DC,37748.0,Bacary Sagna,2.0,26,2019,MTL,1,37748,94.0,live
4.5,1040188,1,DC,234410.0,Amar Sejdic,3.0,26,2019,MTL,1,234410,94.0,live
4.2,1040188,1,DC,225062.0,Shamit Shome,3.0,26,2019,MTL,1,225062,94.0,live
6.2,1040188,1,DC,225063.0,Ballou Tabla,3.0,26,2019,MTL,1,225063,94.0,live
11.6,1040188,1,DC,82752.0,Saphir Taider,3.0,26,2019,MTL,1,82752,94.0,live
6.2,1040188,1,DC,97607.0,Maximiliano Urruti,4.0,26,2019,MTL,1,97607,94.0,live
7.0,1040188,1,DC,201053.0,Jeisson Vargas,4.0,26,2019,MTL,1,201053,94.0,live
4.0,1040188,1,DC,427386.0,Karifa Yao,2.0,26,2019,MTL,1,427386,94.0,live
4.6,1040186,0,SKC,12875.0,DaMarcus Beasley,2.0,26,2019,HOU,0,12875,94.0,live
4.5,1040186,0,SKC,126206.0,Eric Bird,3.0,26,2019,HOU,0,126206,94.0,live
4.8,1040186,0,SKC,185317.0,Jose Bizama,2.0,26,2019,HOU,0,185317,94.0,live
5.4,1040186,0,SKC,117549.0,Darwin Ceren,3.0,26,2019,HOU,0,117549,94.0,live
4.5,1040186,1,HOU,213875.0,Adrian Zendejas,1.0,26,2019,SKC,0,213875,94.0,live
4.7,1040186,1,HOU,158870.0,Gedion Zelalem,3.0,26,2019,SKC,0,158870,94.0,live
4.5,1040186,1,HOU,249958.0,Kuzain,3.0,26,2019,SKC,0,249958,94.0,live
4.5,1040187,1,MIN,214832.0,Niko Hamalainen,2.0,26,2019,LAFC,0,214832,94.0,live
7.2,1040187,1,MIN,41599.0,Jordan Harvey,2.0,26,2019,LAFC,0,41599,94.0,live
6.3,1040187,1,MIN,201360.0,Andre Horta,3.0,26,2019,LAFC,0,201360,94.0,live
4.2,1040187,1,MIN,60536.0,Dejan Jakovic,2.0,26,2019,LAFC,0,60536,94.0,live
10.3,1040187,1,MIN,227731.0,Mark-Anthony Kaye,3.0,26,2019,LAFC,0,227731,94.0,live
7.9,1040187,1,MIN,202361.0,Tyler Miller,1.0,26,2019,LAFC,0,202361,94.0,live
6.3,1040187,1,MIN,28580.0,Lee Nguyen,3.0,26,2019,LAFC,0,28580,94.0,live
5.0,1040187,1,MIN,445236.0,Diego Palacios,2.0,26,2019,LAFC,0,445236,94.0,live
4.0,1040187,1,MIN,451489.0,Adrien Perez,3.0,26,2019,LAFC,0,451489,94.0,live
4.0,1040187,1,MIN,474174.0,Javi Perez,3.0,26,2019,LAFC,0,474174,94.0,live
4.8,1040187,1,MIN,176415.0,Josh Perez,3.0,26,2019,LAFC,0,176415,94.0,live
8.6,1040187,1,MIN,447202.0,Brian Rodriguez,4.0,26,2019,LAFC,0,447202,94.0,live
9.8,1040187,1,MIN,223256.0,Diego Rossi,4.0,26,2019,LAFC,0,223256,94.0,live
7.0,1040187,1,MIN,246283.0,Eddie Segura,2.0,26,2019,LAFC,0,246283,94.0,live
4.4,1040187,1,MIN,201168.0,Pablo Sisniega,1.0,26,2019,LAFC,0,201168,94.0,live
4.7,1040187,1,MIN,247675.0,Peter-Lee Vassell,3.0,26,2019,LAFC,0,247675,94.0,live
15.0,1040187,1,MIN,38401.0,Carlos Vela,4.0,26,2019,LAFC,0,38401,94.0,live
4.8,1040187,1,MIN,98918.0,Rodolfo Zelaya,4.0,26,2019,LAFC,0,98918,94.0,live
6.2,1040187,1,MIN,151933.0,Walker Zimmerman,2.0,26,2019,LAFC,0,151933,94.0,live
4.8,1040184,0,CLB,163042.0,Micheal Azira,3.0,26,2019,CHI,0,163042,94.0,live
6.6,1040184,0,CLB,41700.0,Jonathan Bornstein,2.0,26,2019,CHI,0,41700,94.0,live
5.0,1040187,1,MIN,149779.0,Alejandro Guido,3.0,26,2019,LAFC,0,149779,94.0,live
4.9,1040184,0,CLB,244988.0,Brandt Bronico,3.0,26,2019,CHI,0,244988,94.0,live
4.9,1040187,1,MIN,110954.0,Mohamed El-Munir,2.0,26,2019,LAFC,0,110954,94.0,live
8.5,1040187,1,MIN,111847.0,Adama Diomande,4.0,26,2019,LAFC,0,111847,94.0,live
4.0,1040192,1,RSL,198572.0,Foster Langsdorf,4.0,26,2019,POR,0,198572,94.0,live
4.2,1040192,1,RSL,247622.0,Marvin Loria,3.0,26,2019,POR,0,247622,94.0,live
8.4,1040192,1,RSL,41004.0,Larrys Mabiala,2.0,26,2019,POR,0,41004,94.0,live
4.0,1040192,1,RSL,164479.0,Kendall McIntosh,1.0,26,2019,POR,0,164479,94.0,live
5.2,1040192,1,RSL,111750.0,Lucas Melano,4.0,26,2019,POR,0,111750,94.0,live
8.4,1040192,1,RSL,78116.0,Jorge Moreira,2.0,26,2019,POR,0,78116,94.0,live
7.0,1040192,1,RSL,217784.0,Cristhian Paredes,3.0,26,2019,POR,0,217784,94.0,live
5.8,1040192,1,RSL,179298.0,Andy Polo,3.0,26,2019,POR,0,179298,94.0,live
4.4,1040192,1,RSL,175077.0,Bill Tuiloma,2.0,26,2019,POR,0,175077,94.0,live
5.0,1040192,1,RSL,95236.0,Zarek Valentin,2.0,26,2019,POR,0,95236,94.0,live
12.6,1040192,1,RSL,55817.0,Diego Valeri,3.0,26,2019,POR,0,55817,94.0,live
7.6,1040192,1,RSL,45092.0,Jorge Villafana,2.0,26,2019,POR,0,45092,94.0,live
4.1,1040192,1,RSL,234420.0,Eryk Williamson,3.0,26,2019,POR,0,234420,94.0,live
5.9,1040192,1,RSL,196824.0,Renzo Zambrano,3.0,26,2019,POR,0,196824,94.0,live
12.2,1040187,1,MIN,232274.0,Eduard Atuesta,3.0,26,2019,LAFC,0,232274,94.0,live
4.0,1040187,1,MIN,247451.0,Lamar Batista,2.0,26,2019,LAFC,0,247451,94.0,live
6.3,1040187,1,MIN,82845.0,Steven Beitashour,2.0,26,2019,LAFC,0,82845,94.0,live
6.7,1040187,1,MIN,423123.0,Tristan Blackmon,2.0,26,2019,LAFC,0,423123,94.0,live
9.9,1040187,1,MIN,245764.0,Latif Blessing,3.0,26,2019,LAFC,0,245764,94.0,live
4.5,1040187,1,MIN,424995.0,Shaft Brewer Jr.,2.0,26,2019,LAFC,0,424995,94.0,live
4.8,1040187,1,MIN,61126.0,Danilo da Silva,2.0,26,2019,LAFC,0,61126,94.0,live
4.0,1040187,1,MIN,447557.0,Phillip Ejimadu,1.0,26,2019,LAFC,0,447557,94.0,live
8.4,1040184,0,CLB,99122.0,Francisco Calvo,2.0,26,2019,CHI,0,99122,94.0,live
4.0,1040184,0,CLB,443517.0,Diego Campos,2.0,26,2019,CHI,0,443517,94.0,live
4.5,1040184,0,CLB,245017.0,Stefan Cleveland,1.0,26,2019,CHI,0,245017,94.0,live
4.0,1040186,1,HOU,423406.0,Eric Dick,1.0,26,2019,SKC,0,423406,94.0,live
4.0,1040186,1,HOU,224651.0,Cameron Duke,3.0,26,2019,SKC,0,224651,94.0,live
6.1,1040186,1,HOU,50105.0,Roger Espinoza,3.0,26,2019,SKC,0,50105,94.0,live
6.7,1040186,1,HOU,20525.0,Benny Feilhaber,3.0,26,2019,SKC,0,20525,94.0,live
7.5,1040186,1,HOU,109320.0,Gerso Fernandes,3.0,26,2019,SKC,0,109320,94.0,live
4.7,1040186,1,HOU,61559.0,Andreu Fontas,2.0,26,2019,SKC,0,61559,94.0,live
4.0,1040186,1,HOU,439940.0,Tyler Freeman,4.0,26,2019,SKC,0,439940,94.0,live
10.0,1040186,1,HOU,83725.0,Felipe Gutierrez,3.0,26,2019,SKC,0,83725,94.0,live
4.0,1040186,1,HOU,88147.0,Nicolas Hasler,2.0,26,2019,SKC,0,88147,94.0,live
5.5,1040186,1,HOU,151953.0,Erik Hurtado,4.0,26,2019,SKC,0,151953,94.0,live
4.5,1040186,1,HOU,220205.0,Jaylin Lindsey,2.0,26,2019,SKC,0,220205,94.0,live
5.1,1040186,1,HOU,107617.0,Luis Martins,2.0,26,2019,SKC,0,107617,94.0,live
4.7,1040186,1,HOU,169013.0,Jimmy Medranda,2.0,26,2019,SKC,0,169013,94.0,live
6.9,1040186,1,HOU,86938.0,Tim Melia,1.0,26,2019,SKC,0,86938,94.0,live
5.9,1040186,1,HOU,42512.0,Krisztian Nemeth,4.0,26,2019,SKC,0,42512,94.0,live
8.9,1040186,1,HOU,42453.0,Johnny Russell,3.0,26,2019,SKC,0,42453,94.0,live
4.2,1040186,1,HOU,213866.0,Daniel Salloi,3.0,26,2019,SKC,0,213866,94.0,live
7.1,1040186,1,HOU,86155.0,Ilie Sanchez,3.0,26,2019,SKC,0,86155,94.0,live
5.2,1040186,1,HOU,82526.0,Seth Sinovic,2.0,26,2019,SKC,0,82526,94.0,live
5.5,1040186,1,HOU,200190.0,Graham Smith,2.0,26,2019,SKC,0,200190,94.0,live
4.0,1040186,1,HOU,60153.0,Rodney Wallace,2.0,26,2019,SKC,0,60153,94.0,live
5.6,1040186,1,HOU,104369.0,Yohan Croizet,3.0,26,2019,SKC,0,104369,94.0,live
4.2,1040186,1,HOU,427168.0,Gianluca Busio,3.0,26,2019,SKC,0,427168,94.0,live
6.9,1040186,1,HOU,60207.0,Matt Besler,2.0,26,2019,SKC,0,60207,94.0,live
6.4,1040186,1,HOU,85790.0,Botond Barath,2.0,26,2019,SKC,0,85790,94.0,live
4.5,1040184,0,CLB,423237.0,Elliot Collier,3.0,26,2019,CHI,0,423237,94.0,live
5.0,1040184,0,CLB,228605.0,Raheem Edwards,2.0,26,2019,CHI,0,228605,94.0,live
4.4,1040184,0,CLB,109326.0,Marcelo,2.0,26,2019,CHI,0,109326,94.0,live
6.4,1040184,0,CLB,140040.0,Przemyslaw Frankowski,3.0,26,2019,CHI,0,140040,94.0,live
9.0,1040184,0,CLB,56491.0,Nicolas Gaitan,3.0,26,2019,CHI,0,56491,94.0,live
4.0,1040184,0,CLB,234219.0,Jeremiah Gutjahr,2.0,26,2019,CHI,0,234219,94.0,live
4.6,1040184,0,CLB,221475.0,Fabian Herbers,3.0,26,2019,CHI,0,221475,94.0,live
7.6,1040184,0,CLB,86898.0,Johan Kappelhof,2.0,26,2019,CHI,0,86898,94.0,live
7.6,1040184,0,CLB,83055.0,Aleksandar Katai,3.0,26,2019,CHI,0,83055,94.0,live
7.1,1040184,0,CLB,49761.0,Kenneth Kronholm,1.0,26,2019,CHI,0,49761,94.0,live
4.5,1040192,1,RSL,151534.0,Aljaz Ivacic,1.0,26,2019,POR,0,151534,94.0,live
4.0,1040184,0,CLB,234193.0,Grant Lillard,2.0,26,2019,CHI,0,234193,94.0,live
7.3,1040184,0,CLB,41626.0,Dax McCarty,3.0,26,2019,CHI,0,41626,94.0,live
5.1,1040184,0,CLB,246874.0,Djordje Mihailovic,3.0,26,2019,CHI,0,246874,94.0,live
4.0,1040184,0,CLB,148707.0,Amando Moreno,3.0,26,2019,CHI,0,148707,94.0,live
7.9,1040184,0,CLB,82064.0,Nemanja Nikolic,4.0,26,2019,CHI,0,82064,94.0,live
4.7,1040184,0,CLB,52629.0,David Ousted,1.0,26,2019,CHI,0,52629,94.0,live
4.0,1040184,0,CLB,426473.0,Andre Reynolds II,2.0,26,2019,CHI,0,426473,94.0,live
4.0,1040184,0,CLB,95298.0,Richard Sanchez,1.0,26,2019,CHI,0,95298,94.0,live
6.5,1040184,0,CLB,95321.0,C.J. Sapong,4.0,26,2019,CHI,0,95321,94.0,live
7.4,1040184,0,CLB,15208.0,Bastian Schweinsteiger,2.0,26,2019,CHI,0,15208,94.0,live
4.0,1040184,0,CLB,471798.0,Gabriel Slonina,1.0,26,2019,CHI,0,471798,94.0,live
5.0,1040184,0,CLB,226637.0,Cristian Martinez,3.0,26,2019,CHI,0,226637,94.0,live
9.7,1040193,1,ORL,88940.0,Vako,3.0,26,2019,SJ,0,88940,94.0,live
5.0,1040185,0,DAL,474183.0,Frankie Amaya,3.0,26,2019,CIN,0,474183,94.0,live
4.5,1040193,1,ORL,163523.0,Jimmy Ockford,2.0,26,2019,SJ,0,163523,94.0,live
5.0,1040184,1,CHI,33823.0,Ricardo Clark,3.0,26,2019,CLB,0,33823,94.0,live
4.0,1040184,1,CHI,234406.0,Alex Crognale,2.0,26,2019,CLB,0,234406,94.0,live
5.4,1040184,1,CHI,227232.0,Artur,3.0,26,2019,CLB,0,227232,94.0,live
6.9,1040184,1,CHI,475922.0,Luis Diaz,3.0,26,2019,CLB,0,475922,94.0,live
4.8,1040184,1,CHI,121332.0,Waylon Francis,2.0,26,2019,CLB,0,121332,94.0,live
5.5,1040184,1,CHI,77756.0,David Guzman,3.0,26,2019,CLB,0,77756,94.0,live
4.0,1040184,1,CHI,113002.0,Jordan Hamilton,4.0,26,2019,CLB,0,113002,94.0,live
9.0,1040184,1,CHI,47681.0,Federico Higuain,3.0,26,2019,CLB,0,47681,94.0,live
4.9,1040184,1,CHI,94934.0,Hector Jimenez,2.0,26,2019,CLB,0,94934,94.0,live
4.1,1040184,1,CHI,425248.0,Aboubacar Keita,2.0,26,2019,CLB,0,425248,94.0,live
4.4,1040184,1,CHI,90644.0,Jon Kempin,1.0,26,2019,CLB,0,90644,94.0,live
4.0,1040184,1,CHI,442446.0,Ben Lundgaard,1.0,26,2019,CLB,0,442446,94.0,live
4.6,1040184,1,CHI,234725.0,Connor Maloney,2.0,26,2019,CLB,0,234725,94.0,live
5.3,1040184,1,CHI,66905.0,Jonathan Mensah,2.0,26,2019,CLB,0,66905,94.0,live
7.3,1040184,1,CHI,106264.0,Youness Mokhtar,3.0,26,2019,CLB,0,106264,94.0,live
4.5,1040184,1,CHI,443538.0,Edward Opoku,3.0,26,2019,CLB,0,443538,94.0,live
4.4,1040184,1,CHI,52456.0,Eloy Room,1.0,26,2019,CLB,0,52456,94.0,live
10.5,1040184,1,CHI,92202.0,Pedro Santos,3.0,26,2019,CLB,0,92202,94.0,live
4.1,1040184,1,CHI,60716.0,Gaston Sauro,2.0,26,2019,CLB,0,60716,94.0,live
4.4,1040184,1,CHI,179062.0,Eduardo Sosa,3.0,26,2019,CLB,0,179062,94.0,live
6.3,1040184,1,CHI,164484.0,Zack Steffen,1.0,26,2019,CLB,0,164484,94.0,live
5.0,1040184,1,CHI,422981.0,Luis Argudo,3.0,26,2019,CLB,0,422981,94.0,live
8.3,1040184,1,CHI,148995.0,Wil Trapp,3.0,26,2019,CLB,0,148995,94.0,live
5.8,1040184,1,CHI,49483.0,Harrison Afful,2.0,26,2019,CLB,0,49483,94.0,live
4.5,1040190,0,NY,210151.0,Deklan Wynne,2.0,26,2019,COL,0,210151,94.0,live
5.1,1040190,0,NY,15337.0,Tim Howard,1.0,26,2019,COL,0,15337,94.0,live
4.0,1040190,0,NY,250677.0,Matt Hundley,4.0,26,2019,COL,0,250677,94.0,live
4.1,1040190,0,NY,118738.0,Clint Irwin,1.0,26,2019,COL,0,118738,94.0,live
5.0,1040190,0,NY,249537.0,Niki Jackson,4.0,26,2019,COL,0,249537,94.0,live
7.7,1040190,0,NY,41493.0,Kei Kamara,4.0,26,2019,COL,0,41493,94.0,live
6.9,1040190,0,NY,213295.0,Jonathan Lewis,3.0,26,2019,COL,0,213295,94.0,live
4.7,1040190,0,NY,87984.0,Nicolas Mezquida,3.0,26,2019,COL,0,87984,94.0,live
5.7,1040190,0,NY,132134.0,Sam Nicholson,3.0,26,2019,COL,0,132134,94.0,live
4.5,1040190,0,NY,151935.0,Kofi Opare,2.0,26,2019,COL,0,151935,94.0,live
8.5,1040190,0,NY,114041.0,Jack Price,3.0,26,2019,COL,0,114041,94.0,live
4.5,1040190,0,NY,226305.0,Sam Raben,2.0,26,2019,COL,0,226305,94.0,live
4.0,1040190,0,NY,224029.0,Andre Rawls,1.0,26,2019,COL,0,224029,94.0,live
5.3,1040190,0,NY,127541.0,Keegan Rosenberry,2.0,26,2019,COL,0,127541,94.0,live
9.9,1040190,0,NY,102208.0,Diego Rubio,4.0,26,2019,COL,0,102208,94.0,live
4.0,1040190,0,NY,219603.0,Abdul Rwatubyaye,2.0,26,2019,COL,0,219603,94.0,live
4.8,1040190,0,NY,151954.0,Dillon Serna,3.0,26,2019,COL,0,151954,94.0,live
5.8,1040190,0,NY,234297.0,Andre Shinyashiki,4.0,26,2019,COL,0,234297,94.0,live
4.5,1040190,0,NY,202407.0,Axel Sjoberg,2.0,26,2019,COL,0,202407,94.0,live
4.2,1040190,0,NY,45099.0,Tommy Smith,2.0,26,2019,COL,0,45099,94.0,live
4.0,1040190,0,NY,224823.0,Sam Vines,2.0,26,2019,COL,0,224823,94.0,live
5.6,1040190,0,NY,60490.0,Danny Wilson,3.0,26,2019,COL,0,60490,94.0,live
4.6,1040184,1,CHI,126174.0,David Accam,3.0,26,2019,CLB,0,126174,94.0,live
5.0,1040190,0,NY,41921.0,Shkelzen Gashi,4.0,26,2019,COL,0,41921,94.0,live
5.5,1040184,1,CHI,222820.0,Milton Valenzuela,2.0,26,2019,CLB,0,222820,94.0,live
4.0,1040184,1,CHI,423069.0,JJ Williams,4.0,26,2019,CLB,0,423069,94.0,live
5.5,1040185,1,CIN,69168.0,Zdenek Ondrasek,4.0,26,2019,DAL,0,69168,94.0,live
4.0,1040185,1,CIN,439742.0,Ricardo Pepi,4.0,26,2019,DAL,0,439742,94.0,live
7.9,1040185,1,CIN,224377.0,Paxton Pomykal,3.0,26,2019,DAL,0,224377,94.0,live
4.0,1040185,1,CIN,223353.0,Bryan Reynolds,2.0,26,2019,DAL,0,223353,94.0,live
4.5,1040185,1,CIN,426630.0,Thomas Roberts,3.0,26,2019,DAL,0,426630,94.0,live
4.0,1040185,1,CIN,437110.0,Dante Sealy,3.0,26,2019,DAL,0,437110,94.0,live
5.4,1040185,1,CIN,224382.0,Brandon Servania,3.0,26,2019,DAL,0,224382,94.0,live
4.5,1040185,1,CIN,443009.0,Ema Twumasi,3.0,26,2019,DAL,0,443009,94.0,live
8.6,1040185,1,CIN,18529.0,Reto Ziegler,2.0,26,2019,DAL,0,18529,94.0,live
4.0,1040185,1,CIN,152268.0,Kyle Zobeck,1.0,26,2019,DAL,0,152268,94.0,live
5.1,1040193,0,SJ,220877.0,Danilo Acosta,2.0,26,2019,ORL,0,220877,94.0,live
6.4,1040193,0,SJ,177947.0,Tesho Akindele,4.0,26,2019,ORL,0,177947,94.0,live
9.2,1040193,0,SJ,38530.0,Nani,3.0,26,2019,ORL,0,38530,94.0,live
6.3,1040193,0,SJ,170062.0,Carlos Ascues,2.0,26,2019,ORL,0,170062,94.0,live
4.1,1040193,0,SJ,183764.0,Robinho,3.0,26,2019,ORL,0,183764,94.0,live
5.5,1040193,0,SJ,217788.0,Josue Colman,3.0,26,2019,ORL,0,217788,94.0,live
5.0,1040193,0,SJ,176403.0,Pierre Da Silva,3.0,26,2019,ORL,0,176403,94.0,live
4.3,1040193,0,SJ,152281.0,Alex De John,2.0,26,2019,ORL,0,152281,94.0,live
5.8,1040193,0,SJ,60318.0,Dom Dwyer,4.0,26,2019,ORL,0,60318,94.0,live
6.8,1040193,0,SJ,246099.0,Ruan,2.0,26,2019,ORL,0,246099,94.0,live
4.5,1040193,0,SJ,210841.0,Adam Grinwis,1.0,26,2019,ORL,0,210841,94.0,live
4.0,1040185,1,CIN,200784.0,John Nelson,2.0,26,2019,DAL,0,200784,94.0,live
4.5,1040184,1,CHI,474156.0,JJ Williams,4.0,26,2019,CLB,0,474156,94.0,live
6.7,1040185,1,CIN,225030.0,Santiago Mosquera,3.0,26,2019,DAL,0,225030,94.0,live
4.5,1040185,1,CIN,95778.0,Jimmy Maurer,1.0,26,2019,DAL,0,95778,94.0,live
6.0,1040184,1,CHI,94479.0,Josh Williams,2.0,26,2019,CLB,0,94479,94.0,live
4.0,1040184,1,CHI,186262.0,Romario Williams,4.0,26,2019,CLB,0,186262,94.0,live
10.2,1040184,1,CHI,149359.0,Gyasi Zardes,4.0,26,2019,CLB,0,149359,94.0,live
6.9,1040185,1,CIN,193611.0,Bryan Acosta,3.0,26,2019,DAL,0,193611,94.0,live
4.9,1040185,1,CIN,82518.0,Eric Alexander,3.0,26,2019,DAL,0,82518,94.0,live
6.5,1040185,1,CIN,201913.0,Pablo Aranguiz,3.0,26,2019,DAL,0,201913,94.0,live
4.5,1040185,1,CIN,234384.0,Francis Atuahene,3.0,26,2019,DAL,0,234384,94.0,live
6.1,1040185,1,CIN,202376.0,Dominique Badji,4.0,26,2019,DAL,0,202376,94.0,live
9.7,1040185,1,CIN,177653.0,Michael Barrios,3.0,26,2019,DAL,0,177653,94.0,live
5.5,1040185,1,CIN,152589.0,Matheus Bressanelli,2.0,26,2019,DAL,0,152589,94.0,live
6.4,1040185,1,CIN,245035.0,Reggie Cannon,2.0,26,2019,DAL,0,245035,94.0,live
5.4,1040185,1,CIN,426592.0,Edwin Cerrillo,3.0,26,2019,DAL,0,426592,94.0,live
5.0,1040185,1,CIN,197011.0,Cristian Colman,4.0,26,2019,DAL,0,197011,94.0,live
6.5,1040185,1,CIN,224372.0,Jesus Ferreira,4.0,26,2019,DAL,0,224372,94.0,live
6.6,1040185,1,CIN,157489.0,Jesse Gonzalez,1.0,26,2019,DAL,0,157489,94.0,live
6.5,1040185,1,CIN,147744.0,Carlos Gruezo,3.0,26,2019,DAL,0,147744,94.0,live
5.8,1040185,1,CIN,87337.0,Edwin Gyasi,3.0,26,2019,DAL,0,87337,94.0,live
4.0,1040185,1,CIN,226309.0,Jacori Hayes,3.0,26,2019,DAL,0,226309,94.0,live
8.1,1040185,1,CIN,110592.0,Matt Hedges,2.0,26,2019,DAL,0,110592,94.0,live
4.5,1040185,1,CIN,95279.0,Moises Hernandez,2.0,26,2019,DAL,0,95279,94.0,live
9.7,1040185,1,CIN,130056.0,Ryan Hollingshead,2.0,26,2019,DAL,0,130056,94.0,live
4.5,1040185,1,CIN,474180.0,Callum Montgomery,2.0,26,2019,DAL,0,474180,94.0,live
6.5,1040193,0,SJ,149674.0,Cristian Higuita,3.0,26,2019,ORL,0,149674,94.0,live
4.5,1040190,0,NY,234251.0,Kortne Ford,2.0,26,2019,COL,0,234251,94.0,live
4.0,1040190,0,NY,424488.0,Cole Bassett,3.0,26,2019,COL,0,424488,94.0,live
4.4,1040191,1,ATL,201405.0,Matthew Real,2.0,26,2019,PHI,0,201405,94.0,live
5.7,1040191,1,ATL,201125.0,Sergio Santos,4.0,26,2019,PHI,0,201125,94.0,live
6.2,1040191,1,ATL,201410.0,Auston Trusty,2.0,26,2019,PHI,0,201410,94.0,live
7.3,1040191,1,ATL,428338.0,Kai Wagner,2.0,26,2019,PHI,0,428338,94.0,live
6.8,1040191,1,ATL,112973.0,Andrew Wooten,4.0,26,2019,PHI,0,112973,94.0,live
5.5,1040190,1,COL,203478.0,Anatole Abang,4.0,26,2019,NY,0,203478,94.0,live
4.6,1040190,1,COL,234346.0,Tom Barlow,4.0,26,2019,NY,0,234346,94.0,live
4.7,1040190,1,COL,242216.0,Vincent Bezecourt,3.0,26,2019,NY,0,242216,94.0,live
4.4,1040190,1,COL,234226.0,Rece Buckmaster,2.0,26,2019,NY,0,234226,94.0,live
6.9,1040190,1,COL,446090.0,Cristian Casseres Jr.,3.0,26,2019,NY,0,446090,94.0,live
7.2,1040190,1,COL,131372.0,Sean Davis,3.0,26,2019,NY,0,131372,94.0,live
4.6,1040190,1,COL,244899.0,Kyle Duncan,2.0,26,2019,NY,0,244899,94.0,live
5.0,1040190,1,COL,245020.0,Marcus Epps,3.0,26,2019,NY,0,245020,94.0,live
4.4,1040190,1,COL,204254.0,Omir Fernandez,3.0,26,2019,NY,0,204254,94.0,live
5.1,1040190,1,COL,178809.0,Andreas Ivan,3.0,26,2019,NY,0,178809,94.0,live
6.0,1040190,1,COL,447810.0,Mathias Jorgensen,4.0,26,2019,NY,0,447810,94.0,live
5.0,1040190,1,COL,226376.0,Jean-Christophe Koffi,3.0,26,2019,NY,0,226376,94.0,live
4.4,1040190,1,COL,109699.0,Connor Lade,2.0,26,2019,NY,0,109699,94.0,live
5.7,1040190,1,COL,170827.0,Kemar Lawrence,2.0,26,2019,NY,0,170827,94.0,live
7.1,1040190,1,COL,163541.0,Aaron Long,2.0,26,2019,NY,0,163541,94.0,live
4.0,1040190,1,COL,234377.0,Evan Louro,1.0,26,2019,NY,0,234377,94.0,live
8.6,1040191,1,ATL,107091.0,Kacper Przybylko,4.0,26,2019,PHI,0,107091,94.0,live
4.5,1040190,1,COL,110609.0,Ryan Meara,1.0,26,2019,NY,0,110609,94.0,live
5.9,1040191,1,ATL,196762.0,Fafa Picault,4.0,26,2019,PHI,0,196762,94.0,live
5.0,1040191,1,ATL,449686.0,Michee Ngalina,4.0,26,2019,PHI,0,449686,94.0,live
6.6,1040186,0,SKC,208424.0,Matias Vera,3.0,26,2019,HOU,0,208424,94.0,live
4.7,1040191,1,ATL,427637.0,Brenden Aaronson,3.0,26,2019,PHI,0,427637,94.0,live
4.5,1040191,1,ATL,110557.0,RJ Allen,2.0,26,2019,PHI,0,110557,94.0,live
4.3,1040191,1,ATL,132000.0,Fabinho,2.0,26,2019,PHI,0,132000,94.0,live
6.9,1040191,1,ATL,61770.0,Alejandro Bedoya,3.0,26,2019,PHI,0,61770,94.0,live
4.4,1040191,1,ATL,95611.0,Joe Bendik,1.0,26,2019,PHI,0,95611,94.0,live
5.4,1040191,1,ATL,163906.0,Andre Blake,1.0,26,2019,PHI,0,163906,94.0,live
7.0,1040191,1,ATL,227123.0,Cory Burke,4.0,26,2019,PHI,0,227123,94.0,live
4.5,1040191,1,ATL,45959.0,Aurelien Collin,2.0,26,2019,PHI,0,45959,94.0,live
4.5,1040191,1,ATL,201558.0,Carlos Coronel,1.0,26,2019,PHI,0,201558,94.0,live
4.4,1040191,1,ATL,110575.0,Warren Creavalle,3.0,26,2019,PHI,0,110575,94.0,live
7.8,1040191,1,ATL,245012.0,Jack Elliott,2.0,26,2019,PHI,0,245012,94.0,live
9.6,1040191,1,ATL,53643.0,Marco Fabian,3.0,26,2019,PHI,0,53643,94.0,live
4.9,1040191,1,ATL,201397.0,Anthony Fontana,3.0,26,2019,PHI,0,201397,94.0,live
4.0,1040191,1,ATL,247671.0,Matt Freese,1.0,26,2019,PHI,0,247671,94.0,live
4.4,1040191,1,ATL,110974.0,Raymon Gaddis,2.0,26,2019,PHI,0,110974,94.0,live
5.0,1040191,1,ATL,230802.0,Derrick Jones,3.0,26,2019,PHI,0,230802,94.0,live
4.5,1040191,1,ATL,446568.0,Olivier Mbaizo,2.0,26,2019,PHI,0,446568,94.0,live
5.6,1040191,1,ATL,201401.0,Mark McKenzie,2.0,26,2019,PHI,0,201401,94.0,live
9.8,1040191,1,ATL,28188.0,Haris Medunjanin,3.0,26,2019,PHI,0,28188,94.0,live
9.8,1040191,1,ATL,217119.0,Jamiro Monteiro,3.0,26,2019,PHI,0,217119,94.0,live
5.5,1040191,1,ATL,45120.0,Ilsinho,3.0,26,2019,PHI,0,45120,94.0,live
5.5,1040190,0,NY,107978.0,Johan Blomberg,3.0,26,2019,COL,0,107978,94.0,live
4.5,1040190,1,COL,204261.0,Ben Mines,3.0,26,2019,NY,0,204261,94.0,live
6.4,1040190,1,COL,220753.0,Alex Muyl,3.0,26,2019,NY,0,220753,94.0,live
7.4,1040195,1,LA,33808.0,Chad Marshall,2.0,26,2019,SEA,0,33808,94.0,live
4.5,1040195,1,LA,220458.0,Jordan McCrary,2.0,26,2019,SEA,0,220458,94.0,live
4.5,1040195,1,LA,107672.0,Bryan Meredith,1.0,26,2019,SEA,0,107672,94.0,live
9.2,1040195,1,LA,172483.0,Jordan Morris,4.0,26,2019,SEA,0,172483,94.0,live
4.0,1040195,1,LA,224642.0,Trey Muse,1.0,26,2019,SEA,0,224642,94.0,live
4.0,1040195,1,LA,429428.0,Alfonso Ocampo-Chavez,4.0,26,2019,SEA,0,429428,94.0,live
7.5,1040195,1,LA,91373.0,Victor Rodriguez,3.0,26,2019,SEA,0,91373,94.0,live
4.6,1040195,1,LA,423568.0,Alex Roldan,3.0,26,2019,SEA,0,423568,94.0,live
9.0,1040195,1,LA,172762.0,Cristian Roldan,3.0,26,2019,SEA,0,172762,94.0,live
11.2,1040195,1,LA,98899.0,Raul Ruidiaz,4.0,26,2019,SEA,0,98899,94.0,live
6.2,1040195,1,LA,177976.0,Harry Shipp,3.0,26,2019,SEA,0,177976,94.0,live
5.6,1040195,1,LA,110624.0,Luis Silva,4.0,26,2019,SEA,0,110624,94.0,live
6.2,1040195,1,LA,120447.0,Brad Smith,2.0,26,2019,SEA,0,120447,94.0,live
6.3,1040195,1,LA,51774.0,Gustav Svensson,3.0,26,2019,SEA,0,51774,94.0,live
4.4,1040195,1,LA,244410.0,Nouhou Tolo,2.0,26,2019,SEA,0,244410,94.0,live
5.5,1040195,1,LA,34160.0,Roman Torres,2.0,26,2019,SEA,0,34160,94.0,live
4.7,1040195,1,LA,198532.0,Henry Wingo,3.0,26,2019,SEA,0,198532,94.0,live
5.5,1040190,0,NY,244927.0,Lalas Abubakar,2.0,26,2019,COL,0,244927,94.0,live
5.0,1040190,0,NY,149528.0,Kellyn Acosta,3.0,26,2019,COL,0,149528,94.0,live
5.0,1040190,0,NY,116185.0,Nana,3.0,26,2019,COL,0,116185,94.0,live
4.0,1040190,0,NY,426582.0,Sebastian Anderson,2.0,26,2019,COL,0,426582,94.0,live
12.7,1040195,1,LA,77992.0,Nicolas Lodeiro,3.0,26,2019,SEA,0,77992,94.0,live
6.2,1040190,1,COL,204401.0,Michael Murillo,2.0,26,2019,NY,0,204401,94.0,live
5.0,1040195,1,LA,440251.0,Danny Leyva,3.0,26,2019,SEA,0,440251,94.0,live
6.3,1040195,1,LA,120764.0,Kim Kee-hee,2.0,26,2019,SEA,0,120764,94.0,live
4.7,1040190,1,COL,477535.0,Sean Nealis,2.0,26,2019,NY,0,477535,94.0,live
6.0,1040190,1,COL,202356.0,Tim Parker,2.0,26,2019,NY,0,202356,94.0,live
6.5,1040190,1,COL,41210.0,Luis Robles,1.0,26,2019,NY,0,41210,94.0,live
8.5,1040190,1,COL,170782.0,Kaku,3.0,26,2019,NY,0,170782,94.0,live
9.2,1040190,1,COL,84752.0,Daniel Royer,3.0,26,2019,NY,0,84752,94.0,live
8.0,1040190,1,COL,84760.0,Marc Rzatkowksi,3.0,26,2019,NY,0,84760,94.0,live
7.6,1040190,1,COL,153379.0,Josh Sims,3.0,26,2019,NY,0,153379,94.0,live
5.5,1040190,1,COL,212993.0,Amro Tarek,2.0,26,2019,NY,0,212993,94.0,live
7.5,1040190,1,COL,240899.0,Florian Valot,3.0,26,2019,NY,0,240899,94.0,live
7.6,1040190,1,COL,443604.0,Brian White,4.0,26,2019,NY,0,443604,94.0,live
5.4,1040190,1,COL,18770.0,Bradley Wright-Phillips,4.0,26,2019,NY,0,18770,94.0,live
4.2,1040195,1,LA,202402.0,Saad Abdul-Salaam,2.0,26,2019,SEA,0,202402,94.0,live
5.3,1040195,1,LA,185826.0,Xavier Arreaga,2.0,26,2019,SEA,0,185826,94.0,live
5.5,1040195,1,LA,95272.0,Will Bruin,4.0,26,2019,SEA,0,95272,94.0,live
4.7,1040195,1,LA,243974.0,Handwalla Bwana,3.0,26,2019,SEA,0,243974,94.0,live
4.7,1040195,1,LA,133042.0,Jonathan Campbell,2.0,26,2019,SEA,0,133042,94.0,live
6.6,1040195,1,LA,170788.0,Emanuel Cecchini,3.0,26,2019,SEA,0,170788,94.0,live
5.2,1040195,1,LA,165072.0,Jordy Delem,3.0,26,2019,SEA,0,165072,94.0,live
4.4,1040195,1,LA,212029.0,Justin Dhillon,4.0,26,2019,SEA,0,212029,94.0,live
6.2,1040195,1,LA,60238.0,Stefan Frei,1.0,26,2019,SEA,0,60238,94.0,live
5.0,1040195,1,LA,111114.0,Joevin Jones,2.0,26,2019,SEA,0,111114,94.0,live
5.0,1040195,1,LA,58634.0,Kelvin Leerdam,2.0,26,2019,SEA,0,58634,94.0,live
4.0,1040193,1,ORL,423553.0,Kevin Partida,2.0,26,2019,SJ,0,423553,94.0,live
7.6,1040193,0,SJ,85601.0,Robin Jansson,2.0,26,2019,ORL,0,85601,94.0,live
5.2,1040193,0,SJ,41703.0,Sacha Kljestan,3.0,26,2019,ORL,0,41703,94.0,live
7.2,1040183,0,MTL,38413.0,Jon Erice,3.0,26,2019,VAN,1,38413,94.0,live
4.0,1040183,0,MTL,170843.0,PC,3.0,26,2019,VAN,1,170843,94.0,live
6.6,1040183,0,MTL,122836.0,Erik Godoy,2.0,26,2019,VAN,1,122836,94.0,live
4.0,1040183,0,MTL,248397.0,Thomas Hasal,1.0,26,2019,VAN,1,248397,94.0,live
5.7,1040183,0,MTL,88812.0,Doneil Henry,2.0,26,2019,VAN,1,88812,94.0,live
7.2,1040183,0,MTL,455605.0,Inbeom Hwang,3.0,26,2019,VAN,1,455605,94.0,live
4.5,1040183,0,MTL,467743.0,Jasser Khmiri,2.0,26,2019,VAN,1,467743,94.0,live
4.0,1040183,0,MTL,231573.0,Brett Levis,2.0,26,2019,VAN,1,231573,94.0,live
5.3,1040183,0,MTL,95276.0,Zac MacMath,1.0,26,2019,VAN,1,95276,94.0,live
4.1,1040183,0,MTL,226386.0,Brendan McDonough,2.0,26,2019,VAN,1,226386,94.0,live
4.0,1040183,0,MTL,112544.0,Sean Melvin,1.0,26,2019,VAN,1,112544,94.0,live
7.0,1040183,0,MTL,57252.0,Fredy Montero,4.0,26,2019,VAN,1,57252,94.0,live
4.0,1040183,0,MTL,424258.0,Georges Mukumbilwa,2.0,26,2019,VAN,1,424258,94.0,live
4.6,1040183,0,MTL,245005.0,Jake Nerwinski,2.0,26,2019,VAN,1,245005,94.0,live
4.5,1040183,0,MTL,247683.0,David Norman Jr.,3.0,26,2019,VAN,1,247683,94.0,live
8.1,1040183,0,MTL,156787.0,Yordy Reyna,3.0,26,2019,VAN,1,156787,94.0,live
5.8,1040183,0,MTL,62839.0,Tosaint Ricketts,4.0,26,2019,VAN,1,62839,94.0,live
4.9,1040183,0,MTL,110618.0,Andy Rose,3.0,26,2019,VAN,1,110618,94.0,live
4.0,1040183,0,MTL,27678.0,Scott Sutter,2.0,26,2019,VAN,1,27678,94.0,live
6.0,1040183,0,MTL,92437.0,Russell Teibert,3.0,26,2019,VAN,1,92437,94.0,live
5.1,1040183,0,MTL,186742.0,Lucas Venuto,3.0,26,2019,VAN,1,186742,94.0,live
7.3,1040183,0,MTL,153575.0,Maxime Crepeau,1.0,26,2019,VAN,1,153575,94.0,live
7.1,1040194,1,NYC,153706.0,Ali Adnan,2.0,26,2019,VAN,1,153706,94.0,live
6.9,1040183,0,MTL,228760.0,Derek Cornelius,2.0,26,2019,VAN,1,228760,94.0,live
4.5,1040183,0,MTL,437690.0,Simon Colyn,3.0,26,2019,VAN,1,437690,94.0,live
4.0,1040185,0,DAL,128117.0,Ben Lundt,1.0,26,2019,CIN,0,128117,94.0,live
5.7,1040185,0,DAL,151952.0,Kekuta Manneh,4.0,26,2019,CIN,0,151952,94.0,live
6.6,1040185,0,DAL,110608.0,Darren Mattocks,4.0,26,2019,CIN,0,110608,94.0,live
4.5,1040185,0,DAL,474171.0,Tommy McCabe,3.0,26,2019,CIN,0,474171,94.0,live
5.0,1040185,0,DAL,102553.0,Jimmy McLaughlin,3.0,26,2019,CIN,0,102553,94.0,live
4.5,1040185,0,DAL,247041.0,Hassan Ndam,2.0,26,2019,CIN,0,247041,94.0,live
4.6,1040185,0,DAL,153264.0,Alvas Powell,2.0,26,2019,CIN,0,153264,94.0,live
5.0,1040185,0,DAL,172761.0,Spencer Richey,1.0,26,2019,CIN,0,172761,94.0,live
6.5,1040185,0,DAL,94255.0,Kenny Saief,3.0,26,2019,CIN,0,94255,94.0,live
4.5,1040185,0,DAL,151937.0,Blake Smith,2.0,26,2019,CIN,0,151937,94.0,live
5.2,1040185,0,DAL,164477.0,Caleb Stanko,3.0,26,2019,CIN,0,164477,94.0,live
5.2,1040185,0,DAL,46374.0,Przemyslaw Tyton,1.0,26,2019,CIN,0,46374,94.0,live
6.0,1040185,0,DAL,95280.0,Victor Ulloa,3.0,26,2019,CIN,0,95280,94.0,live
4.4,1040185,0,DAL,56328.0,Maikel van der Werff,2.0,26,2019,CIN,0,56328,94.0,live
4.0,1040185,0,DAL,193906.0,Kendall Waston,2.0,26,2019,CIN,0,193906,94.0,live
4.5,1040185,0,DAL,151951.0,Emery Welshman,4.0,26,2019,CIN,0,151951,94.0,live
7.1,1040183,0,MTL,153706.0,Ali Adnan,2.0,26,2019,VAN,1,153706,94.0,live
4.1,1040183,0,MTL,244709.0,Joaquin Ardaiz,4.0,26,2019,VAN,1,244709,94.0,live
4.3,1040183,0,MTL,421350.0,Theo Bair,4.0,26,2019,VAN,1,421350,94.0,live
4.0,1040183,0,MTL,244407.0,Michael Baldisimo,3.0,26,2019,VAN,1,244407,94.0,live
5.7,1040183,0,MTL,95786.0,Lass Bangoura,3.0,26,2019,VAN,1,95786,94.0,live
4.5,1040183,0,MTL,437693.0,Simon Colyn,3.0,26,2019,VAN,1,437693,94.0,live
7.9,1040185,0,DAL,51295.0,Emmanuel Ledesma,3.0,26,2019,CIN,0,51295,94.0,live
4.1,1040194,1,NYC,244709.0,Joaquin Ardaiz,4.0,26,2019,VAN,1,244709,94.0,live
4.0,1040194,1,NYC,244407.0,Michael Baldisimo,3.0,26,2019,VAN,1,244407,94.0,live
5.1,1040194,1,NYC,186742.0,Lucas Venuto,3.0,26,2019,VAN,1,186742,94.0,live
4.5,1040193,1,ORL,27058.0,Francois Affolter,2.0,26,2019,SJ,0,27058,94.0,live
4.0,1040193,1,ORL,426106.0,Jacob Akanyirige,2.0,26,2019,SJ,0,426106,94.0,live
4.0,1040193,1,ORL,173614.0,Matt Bersano,1.0,26,2019,SJ,0,173614,94.0,live
5.0,1040193,1,ORL,200786.0,Eric Calvillo,3.0,26,2019,SJ,0,200786,94.0,live
4.0,1040193,1,ORL,467478.0,Cade Cowell,4.0,26,2019,SJ,0,467478,94.0,live
6.4,1040193,1,ORL,99103.0,Harold Cummings,2.0,26,2019,SJ,0,99103,94.0,live
10.8,1040193,1,ORL,66553.0,Magnus Eriksson,3.0,26,2019,SJ,0,66553,94.0,live
10.3,1040193,1,ORL,170799.0,Cristian Espinoza,3.0,26,2019,SJ,0,170799,94.0,live
4.4,1040193,1,ORL,223215.0,Luis Felipe,3.0,26,2019,SJ,0,223215,94.0,live
6.7,1040193,1,ORL,102224.0,Carlos Fierro,3.0,26,2019,SJ,0,102224,94.0,live
4.3,1040193,1,ORL,426120.0,Gilbert Fuentes,3.0,26,2019,SJ,0,426120,94.0,live
7.5,1040193,1,ORL,99117.0,Anibal Godoy,3.0,26,2019,SJ,0,99117,94.0,live
4.5,1040193,1,ORL,474177.0,Siad Haji,3.0,26,2019,SJ,0,474177,94.0,live
5.7,1040193,1,ORL,54980.0,Danny Hoesen,4.0,26,2019,SJ,0,54980,94.0,live
6.8,1040193,1,ORL,51937.0,Florian Jungwirth,2.0,26,2019,SJ,0,51937,94.0,live
6.2,1040193,1,ORL,57304.0,Guram Kashia,2.0,26,2019,SJ,0,57304,94.0,live
5.1,1040193,1,ORL,174109.0,Nick Lima,2.0,26,2019,SJ,0,174109,94.0,live
5.9,1040193,1,ORL,226025.0,Marcos Lopez,2.0,26,2019,SJ,0,226025,94.0,live
4.0,1040193,1,ORL,226384.0,JT Marcinkowski,1.0,26,2019,SJ,0,226384,94.0,live
4.0,1040193,1,ORL,423062.0,Paul Marie,2.0,26,2019,SJ,0,423062,94.0,live
6.0,1040194,1,NYC,92437.0,Russell Teibert,3.0,26,2019,VAN,1,92437,94.0,live
4.3,1040194,1,NYC,421350.0,Theo Bair,4.0,26,2019,VAN,1,421350,94.0,live
4.0,1040194,1,NYC,27678.0,Scott Sutter,2.0,26,2019,VAN,1,27678,94.0,live
5.8,1040194,1,NYC,62839.0,Tosaint Ricketts,4.0,26,2019,VAN,1,62839,94.0,live
5.7,1040194,1,NYC,95786.0,Lass Bangoura,3.0,26,2019,VAN,1,95786,94.0,live
4.5,1040194,1,NYC,437690.0,Simon Colyn,3.0,26,2019,VAN,1,437690,94.0,live
4.5,1040194,1,NYC,437693.0,Simon Colyn,3.0,26,2019,VAN,1,437693,94.0,live
6.9,1040194,1,NYC,228760.0,Derek Cornelius,2.0,26,2019,VAN,1,228760,94.0,live
7.3,1040194,1,NYC,153575.0,Maxime Crepeau,1.0,26,2019,VAN,1,153575,94.0,live
7.2,1040194,1,NYC,38413.0,Jon Erice,3.0,26,2019,VAN,1,38413,94.0,live
4.0,1040194,1,NYC,170843.0,PC,3.0,26,2019,VAN,1,170843,94.0,live
6.6,1040194,1,NYC,122836.0,Erik Godoy,2.0,26,2019,VAN,1,122836,94.0,live
4.0,1040194,1,NYC,248397.0,Thomas Hasal,1.0,26,2019,VAN,1,248397,94.0,live
5.7,1040194,1,NYC,88812.0,Doneil Henry,2.0,26,2019,VAN,1,88812,94.0,live
7.2,1040194,1,NYC,455605.0,Inbeom Hwang,3.0,26,2019,VAN,1,455605,94.0,live
4.5,1040194,1,NYC,467743.0,Jasser Khmiri,2.0,26,2019,VAN,1,467743,94.0,live
4.0,1040194,1,NYC,231573.0,Brett Levis,2.0,26,2019,VAN,1,231573,94.0,live
5.3,1040194,1,NYC,95276.0,Zac MacMath,1.0,26,2019,VAN,1,95276,94.0,live
4.1,1040194,1,NYC,226386.0,Brendan McDonough,2.0,26,2019,VAN,1,226386,94.0,live
4.0,1040194,1,NYC,112544.0,Sean Melvin,1.0,26,2019,VAN,1,112544,94.0,live
7.0,1040194,1,NYC,57252.0,Fredy Montero,4.0,26,2019,VAN,1,57252,94.0,live
4.0,1040194,1,NYC,424258.0,Georges Mukumbilwa,2.0,26,2019,VAN,1,424258,94.0,live
4.6,1040194,1,NYC,245005.0,Jake Nerwinski,2.0,26,2019,VAN,1,245005,94.0,live
4.5,1040194,1,NYC,247683.0,David Norman Jr.,3.0,26,2019,VAN,1,247683,94.0,live
8.1,1040194,1,NYC,156787.0,Yordy Reyna,3.0,26,2019,VAN,1,156787,94.0,live
4.9,1040194,1,NYC,110618.0,Andy Rose,3.0,26,2019,VAN,1,110618,94.0,live
6.7,1040193,0,SJ,39276.0,Will Johnson,3.0,26,2019,ORL,0,39276,94.0,live
4.3,1040185,0,DAL,212010.0,Forrest Lasso,2.0,26,2019,CIN,0,212010,94.0,live
4.0,1040185,0,DAL,16248.0,Justin Hoyte,2.0,26,2019,CIN,0,16248,94.0,live
4.0,1040188,0,MTL,130049.0,Earl Edwards Jr.,1.0,26,2019,DC,0,130049,94.0,live
5.0,1040188,0,MTL,202378.0,Oniel Fisher,2.0,26,2019,DC,0,202378,94.0,live
6.6,1040188,0,MTL,82834.0,Bill Hamid,1.0,26,2019,DC,0,82834,94.0,live
6.3,1040188,0,MTL,64140.0,Leonardo Jara,2.0,26,2019,DC,0,64140,94.0,live
8.3,1040188,0,MTL,55758.0,Ola Kamara,4.0,26,2019,DC,0,55758,94.0,live
6.1,1040188,0,MTL,56812.0,Felipe Martins,3.0,26,2019,DC,0,56812,94.0,live
4.4,1040188,0,MTL,20491.0,Chris McCann,2.0,26,2019,DC,0,20491,94.0,live
4.7,1040188,0,MTL,205285.0,Joseph Mora,2.0,26,2019,DC,0,205285,94.0,live
5.7,1040188,0,MTL,149231.0,Junior Moreno,3.0,26,2019,DC,0,149231,94.0,live
4.2,1040188,0,MTL,234432.0,Chris Odoi-Atsem,2.0,26,2019,DC,0,234432,94.0,live
4.7,1040188,0,MTL,118377.0,Marquinhos Pedroso,2.0,26,2019,DC,0,118377,94.0,live
5.6,1040188,0,MTL,234404.0,Donovan Pines,2.0,26,2019,DC,0,234404,94.0,live
4.0,1040188,0,MTL,131839.0,Jalen Robinson,2.0,26,2019,DC,0,131839,94.0,live
7.2,1040188,0,MTL,213167.0,Lucas Rodriguez,3.0,26,2019,DC,0,213167,94.0,live
9.6,1040188,0,MTL,13017.0,Wayne Rooney,4.0,26,2019,DC,0,13017,94.0,live
5.0,1040188,0,MTL,210475.0,Ulises Segura,3.0,26,2019,DC,0,210475,94.0,live
4.5,1040188,0,MTL,41679.0,Chris Seitz,1.0,26,2019,DC,0,41679,94.0,live
5.8,1040188,0,MTL,20962.0,Zoltan Stieber,3.0,26,2019,DC,0,20962,94.0,live
4.5,1040188,0,MTL,474162.0,Akeem Ward,2.0,26,2019,DC,0,474162,94.0,live
4.5,1040188,0,MTL,226917.0,Gordon Wild,3.0,26,2019,DC,0,226917,94.0,live
4.0,1040188,0,MTL,436107.0,Griffin Yow,3.0,26,2019,DC,0,436107,94.0,live
4.9,1040188,0,MTL,211988.0,Chris Durkin,3.0,26,2019,DC,0,211988,94.0,live
4.8,1040191,0,PHI,200735.0,Mo Adams,3.0,26,2019,ATL,0,200735,94.0,live
6.3,1040188,0,MTL,209819.0,Russell Canouse,3.0,26,2019,DC,0,209819,94.0,live
7.9,1040188,0,MTL,121000.0,Frederic Brillant,2.0,26,2019,DC,0,121000,94.0,live
5.0,1040193,0,SJ,244768.0,Cam Lindley,3.0,26,2019,ORL,0,244768,94.0,live
7.3,1040193,0,SJ,194730.0,Jhegson Mendez,3.0,26,2019,ORL,0,194730,94.0,live
4.8,1040193,0,SJ,451038.0,Benji Michel,4.0,26,2019,ORL,0,451038,94.0,live
5.2,1040193,0,SJ,248399.0,Kamal Miller,2.0,26,2019,ORL,0,248399,94.0,live
5.6,1040193,0,SJ,443002.0,Joao Moutinho,2.0,26,2019,ORL,0,443002,94.0,live
5.9,1040193,0,SJ,234345.0,Chris Mueller,3.0,26,2019,ORL,0,234345,94.0,live
4.9,1040193,0,SJ,118230.0,Shane O'Neill,2.0,26,2019,ORL,0,118230,94.0,live
4.7,1040193,0,SJ,474169.0,Santiago Patino,4.0,26,2019,ORL,0,474169,94.0,live
8.2,1040193,0,SJ,78103.0,Mauricio Pereyra,3.0,26,2019,ORL,0,78103,94.0,live
5.2,1040193,0,SJ,78015.0,Dillon Powers,3.0,26,2019,ORL,0,78015,94.0,live
4.8,1040193,0,SJ,211539.0,Greg Ranjitsingh,1.0,26,2019,ORL,0,211539,94.0,live
6.1,1040193,0,SJ,102456.0,Oriol Rosell,3.0,26,2019,ORL,0,102456,94.0,live
7.5,1040193,0,SJ,110620.0,Brian Rowe,1.0,26,2019,ORL,0,110620,94.0,live
7.9,1040193,0,SJ,60906.0,Lamine Sane,2.0,26,2019,ORL,0,60906,94.0,live
5.0,1040193,0,SJ,227733.0,Kyle Smith,2.0,26,2019,ORL,0,227733,94.0,live
4.0,1040193,0,SJ,219510.0,Mason Stajduhar,1.0,26,2019,ORL,0,219510,94.0,live
7.5,1040188,0,MTL,179384.0,Luciano Acosta,3.0,26,2019,DC,0,179384,94.0,live
4.4,1040188,0,MTL,60225.0,Quincy Amarikwa,4.0,26,2019,DC,0,60225,94.0,live
7.7,1040188,0,MTL,166921.0,Paul Arriola,3.0,26,2019,DC,0,166921,94.0,live
5.8,1040188,0,MTL,129430.0,Steven Birnbaum,2.0,26,2019,DC,0,129430,94.0,live
4.0,1040188,0,MTL,168365.0,Emmanuel Boateng,3.0,26,2019,DC,0,168365,94.0,live
4.5,1040188,0,MTL,475715.0,Antonio Bustamante,3.0,26,2019,DC,0,475715,94.0,live
6.2,1040185,0,DAL,18681.0,Roland Lamah,3.0,26,2019,CIN,0,18681,94.0,live
4.1,1040191,0,PHI,135297.0,Mikey Ambrose,2.0,26,2019,ATL,0,135297,94.0,live
8.3,1040191,0,PHI,231969.0,Ezequiel Barco,3.0,26,2019,ATL,0,231969,94.0,live
5.8,1040191,0,PHI,194102.0,Eric Remedi,3.0,26,2019,ATL,0,194102,94.0,live
9.0,1040191,0,PHI,241500.0,Miles Robinson,2.0,26,2019,ATL,0,241500,94.0,live
4.8,1040191,0,PHI,50067.0,Brek Shea,2.0,26,2019,ATL,0,50067,94.0,live
4.9,1040191,0,PHI,218313.0,Brandon Vazquez,4.0,26,2019,ATL,0,218313,94.0,live
7.7,1040191,0,PHI,122828.0,Hector Villalba,4.0,26,2019,ATL,0,122828,94.0,live
7.0,1040185,0,DAL,95186.0,Fanendo Adi,4.0,26,2019,CIN,0,95186,94.0,live
5.2,1040185,0,DAL,163482.0,Fatai Alashe,3.0,26,2019,CIN,0,163482,94.0,live
5.0,1040185,0,DAL,141538.0,Nazmi Albadawi,3.0,26,2019,CIN,0,141538,94.0,live
4.6,1040185,0,DAL,424659.0,Frankie Amaya,3.0,26,2019,CIN,0,424659,94.0,live
5.0,1040185,0,DAL,116700.0,Leonardo Bertone,3.0,26,2019,CIN,0,116700,94.0,live
4.3,1040185,0,DAL,82844.0,Corben Bone,3.0,26,2019,CIN,0,82844,94.0,live
7.4,1040185,0,DAL,210473.0,Allan Cruz,3.0,26,2019,CIN,0,210473,94.0,live
4.3,1040185,0,DAL,423511.0,Rashawn Dally,4.0,26,2019,CIN,0,423511,94.0,live
4.0,1040185,0,DAL,89518.0,Mathieu Deplagne,2.0,26,2019,CIN,0,89518,94.0,live
4.0,1040185,0,DAL,220752.0,Derrick Etienne Jr.,3.0,26,2019,CIN,0,220752,94.0,live
5.5,1040185,0,DAL,110209.0,Greg Garza,2.0,26,2019,CIN,0,110209,94.0,live
4.5,1040185,0,DAL,226306.0,Logan Gdula,2.0,26,2019,CIN,0,226306,94.0,live
4.1,1040185,0,DAL,234214.0,Andrew Gutman,2.0,26,2019,CIN,0,234214,94.0,live
5.3,1040185,0,DAL,111253.0,Joseph-Claude Gyau,3.0,26,2019,CIN,0,111253,94.0,live
4.0,1040185,0,DAL,132113.0,Nick Hagglund,2.0,26,2019,CIN,0,132113,94.0,live
4.0,1040185,0,DAL,234669.0,Jimmy Hague,1.0,26,2019,CIN,0,234669,94.0,live
5.8,1040191,0,PHI,79237.0,Florentin Pogba,2.0,26,2019,ATL,0,79237,94.0,live
4.0,1040191,0,PHI,474179.0,Anderson Asiedu,3.0,26,2019,ATL,0,474179,94.0,live
4.0,1040191,0,PHI,243532.0,Dion Pereira,3.0,26,2019,ATL,0,243532,94.0,live
4.0,1040191,0,PHI,422516.0,Patrick Okonkwo,4.0,26,2019,ATL,0,422516,94.0,live
4.5,1040191,0,PHI,426771.0,George Bello,2.0,26,2019,ATL,0,426771,94.0,live
4.0,1040191,0,PHI,426797.0,George Campbell,2.0,26,2019,ATL,0,426797,94.0,live
4.5,1040191,0,PHI,220142.0,Andrew Carleton,3.0,26,2019,ATL,0,220142,94.0,live
6.9,1040191,0,PHI,193891.0,Franco Escobar,2.0,26,2019,ATL,0,193891,94.0,live
5.0,1040191,0,PHI,227656.0,Luiz Fernando,3.0,26,2019,ATL,0,227656,94.0,live
4.5,1040191,0,PHI,234618.0,Jon Gallagher,2.0,26,2019,ATL,0,234618,94.0,live
8.1,1040191,0,PHI,95780.0,Leandro Gonzalez Pirez,2.0,26,2019,ATL,0,95780,94.0,live
4.5,1040191,0,PHI,220147.0,Chris Goslin,3.0,26,2019,ATL,0,220147,94.0,live
10.4,1040191,0,PHI,244997.0,Julian Gressel,3.0,26,2019,ATL,0,244997,94.0,live
8.2,1040191,0,PHI,41705.0,Brad Guzan,1.0,26,2019,ATL,0,41705,94.0,live
4.5,1040191,0,PHI,173423.0,Jose Hernandez,2.0,26,2019,ATL,0,173423,94.0,live
4.4,1040191,0,PHI,122342.0,Emerson Hyndman,3.0,26,2019,ATL,0,122342,94.0,live
4.5,1040191,0,PHI,156919.0,Alec Kann,1.0,26,2019,ATL,0,156919,94.0,live
5.0,1040191,0,PHI,66857.0,Kevin Kratz,3.0,26,2019,ATL,0,66857,94.0,live
4.5,1040191,0,PHI,249242.0,Lagos Kunga,3.0,26,2019,ATL,0,249242,94.0,live
4.3,1040191,0,PHI,41551.0,Jeff Larentowicz,3.0,26,2019,ATL,0,41551,94.0,live
14.2,1040191,0,PHI,111686.0,Josef Martinez,4.0,26,2019,ATL,0,111686,94.0,live
9.7,1040191,0,PHI,170797.0,Pity Martinez,3.0,26,2019,ATL,0,170797,94.0,live
7.0,1040191,0,PHI,94368.0,Justin Meram,3.0,26,2019,ATL,0,94368,94.0,live
4.0,1040191,0,PHI,205550.0,Brendan Moore,1.0,26,2019,ATL,0,205550,94.0,live
7.9,1040191,0,PHI,95261.0,Darlington Nagbe,3.0,26,2019,ATL,0,95261,94.0,live
4.8,1040191,0,PHI,41552.0,Michael Parkhurst,2.0,26,2019,ATL,0,41552,94.0,live
5.0,1040186,0,SKC,95309.0,Joe Willis,1.0,26,2019,HOU,0,95309,94.0,live
